Hours,Actual Score,Predicted Score
7.7,85,73.49287443928387
2.7,25,27.407963161446535
2.5,21,25.56456671033304
